PDB ID,Chain ID,Macromolecule Name,Sequence,DB ID,DB Name,Entity Macromol. Type
1SQ2,N,novel antigen receptor,ARVDQTPRSVTKETGESLTINCVLRDASYALGSTCWYRKKSGEGNEESISKGGRYVETVNSGSKSFSLRINDLTVEDGGTYRCGLGVAGGYCDYALCSSRYAECGDGTAVTVN,Q8AXI4,UniProt,Polypeptide(L)
1T6V,N,novel antigen receptor,ARVDQTPRSVTKETGESLTINCVLRDASYALGSTCWYRKKSGEGNEESISKGGRYVETVNSGSKSFSLRINDLTVEDGGTYRCGLGVAGGYCDYALCSSRYAECGDGTAVTVN,Q8AXI4,UniProt,Polypeptide(L)
1T6V,O,novel antigen receptor,ARVDQTPRSVTKETGESLTINCVLRDASYALGSTCWYRKKSGEGNEESISKGGRYVETVNSGSKSFSLRINDLTVEDGGTYRCGLGVAGGYCDYALCSSRYAECGDGTAVTVN,Q8AXI4,UniProt,Polypeptide(L)
2I24,N,New Antigen Receptor PBLA8,ARVDQTPQRITKETGESLTINCVVRDSRCVLSTGYWYRKPPGSRNEESISDGGRYVETVNRGSKSFSLRINDLTVKDSGTYRCKPESRYGSYDAVCAALNDQYGGGTVVTVNAAAHHHHHH,Q8AXH5,UniProt,Polypeptide(L)
2I25,N,New Antigen Receptor PBLA8,ARVDQTPQRITKETGESLTINCVVRDSRCVLSTGYWYRKPPGSRNEESISDGGRYVETVNRGSKSFSLRINDLTVKDSGTYRCKPESRYGSYDAVCAALNDQYGGGTVVTVNAAAHHHHHH,Q8AXH5,UniProt,Polypeptide(L)
2I25,O,New Antigen Receptor PBLA8,ARVDQTPQRITKETGESLTINCVVRDSRCVLSTGYWYRKPPGSRNEESISDGGRYVETVNRGSKSFSLRINDLTVKDSGTYRCKPESRYGSYDAVCAALNDQYGGGTVVTVNAAAHHHHHH,Q8AXH5,UniProt,Polypeptide(L)
2I26,N,New Antigen Receptor Ancestral,ARVDQTPQTITKETGESLTINCVLRDSNCALSSTYWYRKKSGSTNEESISKGGRYVETVNSGSKSFSLRINDLTVEDSGTYRCKPESRYGSYDAECAALNDQYGGGTVVTVNAAAHHHHHH,Q8JGG7,UniProt,Polypeptide(L)
2I26,O,New Antigen Receptor Ancestral,ARVDQTPQTITKETGESLTINCVLRDSNCALSSTYWYRKKSGSTNEESISKGGRYVETVNSGSKSFSLRINDLTVEDSGTYRCKPESRYGSYDAECAALNDQYGGGTVVTVNAAAHHHHHH,Q8JGG7,UniProt,Polypeptide(L)
2I26,P,New Antigen Receptor Ancestral,ARVDQTPQTITKETGESLTINCVLRDSNCALSSTYWYRKKSGSTNEESISKGGRYVETVNSGSKSFSLRINDLTVEDSGTYRCKPESRYGSYDAECAALNDQYGGGTVVTVNAAAHHHHHH,Q8JGG7,UniProt,Polypeptide(L)
2I27,N,New Antigen Receptor Ancestral,ARVDQTPQTITKETGESLTINCVLRDSNCALSSTYWYRKKSGSTNEESISKGGRYVETVNSGSKSFSLRINDLTVEDSGTYRCKPESRYGSYDAECAALNDQYGGGTVVTVNAAAHHHHHH,Q8JGJ1,UniProt,Polypeptide(L)
2I27,O,New Antigen Receptor Ancestral,ARVDQTPQTITKETGESLTINCVLRDSNCALSSTYWYRKKSGSTNEESISKGGRYVETVNSGSKSFSLRINDLTVEDSGTYRCKPESRYGSYDAECAALNDQYGGGTVVTVNAAAHHHHHH,Q8JGJ1,UniProt,Polypeptide(L)
2MKL,C,Novel antigen receptor,MGRQTDISVSLLKPPFEEIWTQQTATIVCEIVYSDLENIKVFWQVNGVERKKGVETQNPEWSGSKSTIVSKLKVMASEWDSGTEYVCLVEDSELPTPVKASIRKA,Q90544,UniProt,Polypeptide(L)
4Q97,A,Novel antigen receptor,GSHMGIPPSPPIVSLLHSATEEQRANRFVQLVCLISGYYPENIAVSWQKNTKTITSGFATTSPVKTSSNDFSCASLLKVPLQEWSRGSVYSCQVSHSATSSNQRKEIRSTS,Q90544,UniProt,Polypeptide(L)
4Q97,B,Novel antigen receptor,GSHMGIPPSPPIVSLLHSATEEQRANRFVQLVCLISGYYPENIAVSWQKNTKTITSGFATTSPVKTSSNDFSCASLLKVPLQEWSRGSVYSCQVSHSATSSNQRKEIRSTS,Q90544,UniProt,Polypeptide(L)
4Q9B,A,Novel antigen receptor,GSEIAVLLRDPTVEEIWIDKSATLVCEVLSTVSAGVVVSWMVNGKVRNEGVQMEPTKMSGNQYLTISRLTSSVEEWQSGVEYTCSAKQDQSSTPVVKRTRKAR,Q90544,UniProt,Polypeptide(L)
4Q9B,B,Novel antigen receptor,GSEIAVLLRDPTVEEIWIDKSATLVCEVLSTVSAGVVVSWMVNGKVRNEGVQMEPTKMSGNQYLTISRLTSSVEEWQSGVEYTCSAKQDQSSTPVVKRTRKAR,Q90544,UniProt,Polypeptide(L)
4Q9C,A,Novel antigen receptor,GARVEPTKPHLRLLPPSPEEIQSTSSATLTCLIRGFYPDKVSVSWQKDDVSVSANVTNFPTALEQDLTFSTRSLLNLTAVEWKSGAKYTCTASHPPSQSTVKRVIRNQKVD,Q90544,UniProt,Polypeptide(L)
